Num,RES,CA,CB,CO,N,H,HA
6,D,52.0714,40.9564,173.6501,122.2087,8.3995,4.6853
7,P,62.1601,33.303,176.1384,****,****,4.5463
8,N,52.1912,38.9799,176.4088,117.5601,8.6537,4.9684
9,F,60.1162,39.0207,176.7046,127.5041,9.126,4.0312
10,F,61.9025,39.0551,176.8465,118.4024,8.3805,3.9478
11,K,58.0942,31.9338,178.1938,117.7829,7.5156,3.9588
12,M,58.6722,32.8699,177.3781,118.7106,7.1965,3.6614
13,V,66.0771,31.4128,177.7286,118.6645,7.2112,3.652
14,E,59.154,29.0542,178.4913,118.5425,7.8954,3.7893
15,G,47.1967,****,174.9431,107.8449,7.4229,3.3806
16,F,59.752,37.7663,176.0299,117.744,7.6604,3.9824
17,F,61.2858,39.0729,176.5313,121.1683,7.7631,4.0856
18,D,57.5037,40.119,178.595,119.5,7.8366,4.09
19,R,59.1303,29.7466,178.1629,117.5129,8.0396,3.8253
20,G,45.6838,****,174.8815,105.6817,7.3514,3.9231
21,A,54.9394,18.1413,179.1916,123.4045,7.8239,3.5979
22,S,61.3657,62.9444,176.3634,113.3811,7.4209,4.0556
23,I,64.9854,37.9941,177.9463,122.7656,7.1103,3.3893
24,V,66.1993,31.6197,177.2165,118.5735,7.3223,3.388
25,E,60.145,29.0138,177.9653,120.4207,7.4945,3.5794
26,D,57.0198,40.2032,178.1202,117.7831,7.415,4.2218
27,K,56.6458,32.9801,177.6223,115.4698,7.1941,4.4104
28,L,57.0801,41.3409,177.8121,120.5005,8.1763,4.0474
29,V,65.1809,31.8278,178.2415,117.3428,7.3802,3.7958
30,E,58.7664,29.4085,177.3055,119.1336,7.9644,3.9909
31,D,54.5879,40.535,175.2592,115.4493,7.431,4.6814
32,L,53.8108,42.4093,176.319,119.0141,7.1932,4.5337
33,K,55.7934,31.596,175.5549,124.0927,8.6956,4.4211
34,T,60.3061,70.9094,174.2148,113.8381,7.5129,4.5461
35,R,55.8574,29.3609,175.3201,122.7963,8.382,4.3508
36,E,55.3243,31.2865,175.9756,123.0276,8.2592,4.6077
37,T,60.5476,69.2029,174.7358,111.76,8.2519,4.3163
38,E,57.999,30.1038,177.5913,120.1796,8.7307,4.4161
39,E,57.5389,29.3558,177.2784,118.3114,8.2334,4.2105
40,Q,56.8885,29.3423,177.1435,116.6442,7.7098,4.3095
41,K,59.801,32.1204,178.2248,120.0903,7.9029,4.0264
42,R,58.8073,29.5286,178.6242,119.2344,7.7082,3.9536
43,N,54.2322,38.2646,175.9954,113.5063,7.7271,4.6743
44,R,57.5767,31.0834,178.3654,118.932,7.7836,4.6748
45,V,65.1899,32.3246,177.5368,118.0128,8.0531,4.0094
46,R,57.8862,30.0295,176.786,117.7692,8.5003,4.0387
47,S,60.5847,64.4997,176.5654,112.1349,7.7722,4.6345
48,I,65.9033,37.6671,177.6828,122.5726,7.7941,3.4942
49,L,57.8432,41.4685,178.8418,117.2648,7.864,4.1577
50,R,58.1218,30.2545,177.2337,115.561,7.5194,4.1185
51,I,63.0262,38.6683,177.3914,117.2748,8.1215,4.111
52,I,64.2853,38.2506,177.2282,118.3432,7.2895,3.7721
53,K,59.6397,31.5993,176.2625,119.409,7.3275,3.3784
54,P,62.4798,31.858,175.6606,****,****,4.5895
55,C,57.0625,29.3504,174.2892,116.6456,8.4366,4.4723
56,N,55.1692,39.4588,175.0641,124.27,8.4746,4.4908
57,H,55.2119,32.9695,173.7346,115.4924,7.8545,4.8926
58,V,61.3363,33.907,174.0394,124.0106,8.5232,4.7646
59,L,54.2729,42.5053,175.959,129.3448,8.6528,4.48
60,S,57.9058,65.0705,173.2099,116.9486,8.0924,4.6847
61,L,53.9885,43.6359,175.3658,126.9396,7.7007,4.6359
62,S,58.0985,64.7394,172.8727,114.8634,8.16,5.0658
63,F,54.0671,41.3178,174.0383,125.399,8.5213,5.4575
64,P,62.6428,30.7751,176.0944,****,****,4.6707
65,I,58.8089,38.3081,174.737,125.1677,8.3207,4.3333
66,R,54.2608,31.2164,176.0432,126.866,8.1653,4.2071
67,R,55.7889,30.5174,177.0759,125.7507,8.4406,4.231
68,D,55.8124,40.2353,176.5918,119.6822,9.1831,4.3277
69,D,53.242,39.683,176.65,116.3517,7.8711,4.5502
70,G,46.2304,****,173.7902,108.7788,7.7094,3.71
71,S,56.7577,64.8381,173.7685,114.9866,7.8624,4.7937
72,W,58.3735,30.5871,175.7086,126.9644,8.73,4.7332
73,E,55.4815,32.7404,173.8241,117.5212,9.2279,4.6804
74,V,61.4692,33.2841,175.8856,120.0063,8.4513,5.4358
75,I,58.7257,37.9002,174.6147,127.815,8.6077,4.2016
76,E,54.6491,32.5401,174.8108,127.8518,8.5492,4.2916
77,G,44.3121,****,172.1597,112.9398,7.6888,4.2873
78,Y,57.1787,43.5087,174.9221,115.8099,8.7084,5.3328
79,R,56.333,33.8912,173.435,121.3062,8.4869,5.4609
80,A,50.6029,20.6809,175.9107,129.0947,9.3084,5.5388
81,Q,55.9244,29.6355,175.1424,123.9451,9.1078,4.5349
82,H,57.6125,30.1546,174.1572,125.1637,9.1879,4.5387
83,S,57.2158,65.8702,174.5907,113.0054,7.8951,4.6738
84,Q,55.4402,29.0031,175.5594,124.4992,8.7924,4.4521
85,H,57.7896,29.7537,174.0278,117.8912,8.0885,4.0103
86,R,54.8706,32.792,174.6789,118.4908,7.1821,4.467
87,T,59.1713,68.9996,174.2269,116.3737,8.3762,4.556
88,P,62.6058,31.8512,175.1111,****,****,4.5355
89,C,57.153,29.823,172.9475,116.2572,7.9209,4.7856
90,K,55.5839,33.9465,175.7395,126.3964,8.071,4.5772
91,G,45.8,****,172.6413,112.9728,7.7259,4.6249
92,G,45.0802,****,172.2318,109.7593,8.6264,4.0439
93,I,60.5401,39.4778,175.3204,119.5219,7.6277,4.3329
94,R,54.5968,31.8629,175.3358,127.6763,8.382,4.5684
95,Y,56.5358,37.7149,174.8818,126.0504,7.8992,4.8259
96,S,57.1157,64.725,173.4965,119.6678,8.3688,4.8067
97,T,62.7095,70.3456,175.0187,111.9721,8.5987,4.5983
98,D,53.8806,40.2617,175.5721,120.3111,8.145,4.5431
99,V,62.8259,32.364,175.3561,120.7215,7.2844,3.7724
100,S,55.8981,65.8396,174.2178,121.7421,8.0574,4.5074
101,V,64.1912,31.4093,176.6873,124.9455,7.7037,3.3182
102,D,55.4245,39.8754,176.8624,117.3099,8.008,4.2334
103,E,57.4959,30.3903,177.6684,120.5399,7.9777,4.572
104,V,66.8685,31.3213,178.0712,120.3185,7.3896,3.7348
105,K,59.0522,32.3966,179.5034,117.1985,7.5556,4.0937
106,A,54.8836,18.8915,179.3661,121.7663,7.733,4.305
107,L,57.5344,41.7499,178.6823,118.6353,8.138,4.1734
108,A,55.0889,18.2432,178.5781,120.2275,8.3538,4.032
109,S,61.7361,62.5316,176.0421,113.3999,7.5597,3.6333
110,L,57.8739,41.5096,178.9749,123.1409,8.8069,4.1345
111,M,57.1778,33.3505,177.7997,113.8767,7.5966,4.2116
112,T,65.39,68.4541,175.3851,115.9179,7.426,3.7454
113,Y,59.501,38.6068,177.098,116.3607,7.152,4.7458
114,K,58.7908,32.7681,177.2984,120.1265,7.7682,3.9614
115,C,58.2133,27.8084,174.5466,111.1898,7.6834,4.5037
116,A,53.5632,19.3334,178.96,122.2264,7.5878,4.2962
117,V,64.0294,31.8898,176.0494,114.8499,7.7942,3.7495
118,V,60.6445,31.9613,174.8469,108.4861,7.2506,4.2034
119,D,55.4893,39.2804,175.2969,116.6346,7.5278,4.1177
120,V,60.5591,31.8394,174.7474,118.8507,7.0719,3.3737
121,P,65.0311,31.886,176.7297,****,****,3.9965
122,F,57.0575,39.7118,175.5019,117.1492,6.2706,4.4663
123,G,45.3336,****,173.1899,108.4806,8.259,3.8795
124,G,44.3474,****,172.2967,105.9989,8.4185,4.4161
125,A,51.4303,23.3103,175.1489,120.7032,8.2203,5.4803
126,K,54.9789,36.9893,174.3543,117.2517,8.6122,4.7949
127,A,50.4229,23.2751,176.2335,121.6347,8.4699,5.5875
128,G,45.636,****,172.2655,106.7709,8.6167,4.3388
129,V,60.7363,34.1956,175.5233,124.0834,8.3265,4.2305
130,K,56.2716,31.6895,175.5585,127.1758,8.8554,4.901
131,I,58.7216,41.675,173.7188,117.8507,7.7715,4.5143
132,N,50.0679,38.5036,175.0894,125.1578,8.8204,5.235
133,P,65.1756,31.9061,178.1129,****,****,4.3063
134,K,58.8874,32.1001,176.901,116.5475,8.422,4.0641
135,N,53.6848,37.9965,174.1671,114.6498,7.5589,4.5099
136,Y,57.4553,42.1329,175.3038,116.7994,7.3856,4.614
137,T,61.5081,70.6475,175.4948,115.5601,8.5404,4.394
138,D,57.1043,40.6197,178.0222,120.8408,8.7172,4.4016
139,N,54.9776,38.2966,176.5837,115.9789,8.5113,4.3911
140,E,56.1881,30.5886,177.4897,116.5562,7.7982,4.4309
141,L,55.0133,42.0983,177.8874,117.6724,7.4289,4.3632
142,E,56.9816,29.3956,178.0779,117.1679,7.4076,4.0994
143,K,59.4742,31.9748,178.4317,120.0932,7.455,3.8351
144,I,64.716,38.2315,177.7246,118.3258,7.3505,3.8059
145,T,66.7166,68.6575,176.1871,116.7421,7.4607,4.1112
146,R,58.382,29.5494,176.9832,119.9752,8.4967,4.375
147,R,57.0201,31.2845,177.1341,118.2167,7.4955,4.414
148,F,59.7826,39.2382,175.7987,119.042,8.4895,3.9109
149,T,64.9991,69.9594,175.4464,108.7192,7.6376,4.3876
150,M,59.5888,32.5878,178.5002,120.7004,7.5412,3.9726
151,E,58.2032,28.1578,177.9789,115.9605,7.844,4.0722
152,L,55.8707,42.4949,177.5361,117.8693,7.369,4.3991
153,A,53.4159,19.2808,179.0635,119.1705,8.4574,4.3215
154,K,58.2401,32.4259,177.152,117.5239,8.1873,4.125
155,K,54.7621,32.7744,176.798,116.4153,7.7305,4.6134
156,G,46.4362,****,174.4729,108.0855,7.8137,3.8272
157,F,57.4847,41.2466,174.6632,116.4112,8.0268,5.0417
158,I,59.7316,41.8599,174.0826,118.3424,7.3835,4.3462
159,G,44.2749,****,173.4713,111.4544,8.1853,3.9537
160,P,64.7405,31.8932,177.3205,****,****,4.337
161,G,44.8523,****,173.975,105.5163,8.5243,4.2619
162,V,63.1031,33.8087,175.7546,120.069,7.5458,4.2684
163,D,52.7722,45.012,174.0699,117.3167,7.7398,5.0347
164,V,58.6557,33.4665,173.2141,121.2695,7.8549,4.8973
165,P,63.0711,33.1475,175.041,****,****,5.1956
166,A,49.9682,23.1049,174.0753,119.6134,8.2379,4.8063
167,P,62.2787,32.7296,174.8271,****,****,4.4509
168,D,53.1236,44.9956,174.5822,117.5132,8.2333,4.7302
169,M,56.9056,31.3105,176.4342,119.4769,8.382,4.1579
170,S,59.6611,62.1931,173.4554,118.0732,8.8151,4.0195
171,T,61.3926,70.0886,173.8283,115.7143,8.3852,4.343
172,G,45.2024,****,175.0642,114.2282,8.0646,3.9299
173,E,58.8964,29.209,178.6835,121.0659,8.7521,4.03
174,R,58.2986,29.4751,177.1221,118.6184,7.9613,3.6249
175,E,58.7147,28.2597,178.8183,119.7948,7.2529,3.5286
176,M,56.7194,31.391,177.5294,115.9856,7.1989,4.2299
177,S,60.9917,62.9383,176.3959,113.7833,7.3881,4.3584
178,W,58.3014,27.9367,178.1287,121.8398,7.3392,4.6352
179,I,64.7476,38.638,177.5156,117.4189,7.5313,3.9923
180,A,54.9371,18.155,179.6043,121.6996,7.6438,4.1464
181,D,55.7933,41.0227,178.2631,116.4924,8.0352,4.6682
182,T,66.3688,68.3699,176.799,117.1372,7.8139,4.007
183,Y,61.1725,38.8805,177.1186,121.2399,8.2048,4.3332
184,A,52.8454,18.5359,177.8362,119.9418,7.6379,4.1675
185,S,58.0685,65.0665,174.3018,112.0144,7.5816,4.6573
186,T,63.0553,70.3684,174.6695,112.5825,7.6763,4.3833
187,I,62.6287,39.6176,176.8645,120.0414,7.5719,4.2231
188,G,44.849,****,175.047,107.3769,7.0902,3.2594
189,H,58.0333,29.247,175.0554,118.2139,7.5188,4.1608
190,Y,58.7153,37.7446,175.7504,115.9981,8.052,4.2544
191,D,53.5067,41.8382,176.4209,120.0052,7.5844,4.6961
192,I,63.354,38.3481,176.7072,125.7653,8.4393,3.9016
193,N,52.9114,37.937,176.1089,115.5813,8.3183,4.787
194,A,55.0961,18.7288,178.531,121.6758,7.4084,4.2263
195,H,56.7599,29.4379,175.2351,111.8932,8.037,4.6328
196,A,52.0398,18.6449,177.174,119.6284,8.2126,4.3934
197,C,59.3645,27.8358,173.5544,113.7778,7.6169,4.3842
198,V,59.0607,35.5994,174.6159,111.0574,7.3124,4.7727
199,T,60.1641,71.4524,174.7416,110.9125,7.8676,4.6949
200,G,45.5316,****,174.3332,108.4586,9.958,3.8951
201,K,55.3505,32.2584,174.7857,119.7235,7.7143,4.1337
202,P,62.5452,32.5808,178.1808,****,****,4.4331
203,I,63.5229,37.9755,177.171,119.8736,8.3568,3.7635
204,S,59.9938,63.0289,174.6573,113.0222,8.072,4.3499
205,Q,54.7614,29.806,174.9387,118.6943,8.0501,4.5371
206,G,45.1852,****,174.4844,107.8817,7.9109,4.006
207,G,44.9294,****,173.5303,107.7759,7.8813,4.0498
208,I,60.1986,39.5141,175.829,113.7867,8.0965,4.168
209,H,56.0053,29.8646,175.7458,118.7656,8.4852,4.6015
210,G,46.1973,****,174.9843,108.7704,8.6303,3.8489
211,R,57.8803,31.0727,177.8542,119.6681,7.9374,4.3139
212,I,62.9851,37.3931,176.7266,116.3136,8.0053,3.8282
213,S,56.9,63.3477,175.0199,112.8049,7.628,4.3675
214,A,54.2607,18.928,178.284,123.62,7.766,4.1728
215,T,65.4365,68.2332,176.3219,112.0074,8.1713,3.8136
216,G,47.7601,****,175.4537,109.0398,7.8783,3.8159
217,R,57.3824,28.8408,178.6378,120.1574,7.8217,3.7489
218,G,47.3988,****,175.0934,107.7246,8.3303,3.6386
219,V,65.3146,31.6732,177.8008,119.5058,8.5537,3.563
220,F,61.2286,39.243,176.433,119.538,8.056,4.1889
221,H,59.6939,29.7335,177.4707,116.7386,8.1581,3.9976
222,G,47.5098,****,175.0977,106.5134,7.7627,3.7107
223,I,64.1183,37.5308,177.1496,117.3827,7.5034,3.898
224,E,60.0827,28.9366,178.4122,120.8085,8.7021,3.7247
225,N,54.223,37.949,176.0831,113.3544,7.3447,4.4714
226,F,58.0374,40.614,176.6631,115.3034,7.418,5.2168
227,I,63.1982,37.5666,175.8174,119.2633,8.6304,3.8765
228,N,53.0493,38.0052,174.5995,114.1611,7.5989,4.6061
229,E,54.9721,29.813,176.5044,121.5309,7.4908,4.5338
230,A,54.4356,18.4902,178.8701,128.3623,8.5519,4.1597
231,S,59.0877,62.5534,175.0287,110.8915,7.9465,4.4092
232,Y,58.6072,39.3914,177.7411,118.7101,8.0324,5.0378
233,M,57.283,31.664,178.1165,118.6239,8.2049,4.1723
234,S,61.5533,62.7839,176.9275,113.7462,7.8804,4.1494
235,I,64.7894,38.0583,178.9677,122.5385,7.5864,3.9294
236,L,57.1011,42.3706,177.822,118.0411,7.9893,4.0197
237,G,45.503,****,173.7419,105.1673,8.6512,4.1302
238,M,52.7778,32.9718,175.1984,118.8382,7.5008,4.7936
239,T,59.2151,68.535,173.0812,111.6828,8.1601,4.6131
240,P,63.2911,32.5963,177.1885,****,****,4.4072
241,G,44.8224,****,174.7487,106.842,7.9996,3.7067
242,F,57.6243,38.9929,175.9712,117.8132,8.331,4.7651
243,G,46.2691,****,174.2719,109.1593,8.3858,3.7902
244,D,55.3208,39.4662,174.7261,121.6829,8.7723,4.2626
245,K,54.9549,36.0105,175.5799,117.3295,7.6067,4.8429
246,T,59.9269,71.3338,173.934,112.685,8.3792,5.2518
247,F,55.5505,42.9319,172.5979,116.5121,8.0583,5.578
248,V,59.5631,35.517,174.6549,115.014,9.1249,4.5207
249,V,60.7488,35.1518,173.5523,122.5532,8.15,4.8614
250,Q,53.6903,32.2771,175.4343,127.2392,8.5085,4.8053
251,G,46.1022,****,173.8896,115.359,9.0145,3.9053
252,F,59.3777,39.6837,175.5851,121.4495,8.1198,4.3346
253,G,45.3114,****,173.4894,114.5708,7.2135,3.9481
254,N,56.3857,38.3988,177.5486,118.8329,8.6315,4.389
255,V,64.8486,32.3719,177.4182,116.747,8.0876,3.7889
256,G,47.0028,****,174.8276,107.1915,7.4801,3.7779
257,L,58.3218,41.2522,178.4642,121.5942,7.9361,3.7087
258,H,60.2137,29.454,176.8949,115.1043,7.6612,4.1423
259,S,62.2539,62.7651,175.7356,116.6559,7.8179,4.1624
260,M,59.8186,32.564,177.443,119.6967,8.5358,4.0706
261,R,59.7773,29.9575,177.9001,118.5586,7.7549,3.7521
262,Y,60.9599,38.0095,177.3569,117.1771,7.3349,3.633
263,L,57.5375,40.7176,179.4313,119.881,8.0434,3.8272
264,H,58.8704,29.913,175.8495,116.864,8.5835,4.3783
265,R,57.7844,30.3413,176.5898,116.2708,7.2076,4.17
266,F,55.7223,39.5778,175.9342,117.3976,7.6883,5.3243
267,G,45.4323,****,174.3203,107.6306,7.9598,4.0993
268,A,52.446,19.9648,175.7082,123.2508,7.7551,4.4204
269,K,54.9193,34.8482,174.6866,119.0909,8.5018,4.6578
270,C,59.27,27.7839,173.3941,126.7282,8.4029,3.3142
271,I,61.6225,38.4094,175.6142,127.5947,8.191,4.1588
272,T,59.7671,71.9555,173.4591,107.9334,7.8298,5.3722
273,V,61.8011,33.9765,174.5171,120.2264,8.2963,4.8953
274,G,44.3984,****,173.6474,115.1188,9.4638,4.4712
275,E,55.5873,32.0624,176.0801,120.6592,8.2204,4.684
276,S,60.5341,63.1414,174.3894,115.2718,8.6117,4.3105
277,D,53.5738,41.3634,174.8279,120.3374,8.2409,4.7998
278,G,45.15,****,172.0196,106.5877,7.6325,4.2999
279,S,57.8783,65.5709,172.7708,113.9594,8.3258,4.8659
280,I,58.8223,42.3349,175.1487,120.1725,8.3159,4.7301
281,W,57.0658,32.3125,173.6946,122.8712,8.3404,5.3895
282,N,50.2614,39.0496,172.6793,124.2441,7.8357,4.3073
283,P,63.758,31.1818,176.7528,****,****,4.1048
284,D,54.6297,40.7813,176.1741,117.8588,7.9101,4.4844
285,G,44.1917,****,172.3939,106.2569,7.8474,4.2933
286,I,59.6282,41.4111,175.1545,116.4508,7.892,4.2699
287,D,52.0518,41.4042,175.7183,127.7441,8.5072,4.6759
288,P,66.4849,31.4798,177.8614,****,****,3.9642
289,K,59.7488,31.9576,179.1725,117.2505,8.0417,3.9896
290,E,59.6799,29.4604,179.5821,120.0156,7.8489,4.075
291,L,57.27,40.9058,178.6687,120.6133,8.1115,3.9134
292,E,60.3156,29.3758,178.7737,120.3242,8.5726,4.0009
293,D,56.9124,40.4562,179.3868,117.7925,8.4812,4.4761
294,F,62.1376,39.5097,176.9478,121.4368,8.2615,4.0394
295,K,57.9331,32.404,177.5516,118.2445,7.9512,4.0736
296,L,57.6303,41.7128,179.4078,119.9948,7.6916,4.0953
297,Q,58.2889,28.6081,178.3031,118.9754,8.119,3.9745
298,H,57.2026,29.4212,176.468,115.5059,7.647,4.2507
299,G,46.1244,****,173.7102,106.6945,7.744,3.9345
300,T,61.362,70.9669,173.7516,114.3402,7.4955,4.5818
301,I,62.5379,38.1032,175.563,121.4388,8.7454,4.2727
302,L,56.584,42.1562,177.1416,121.6425,7.9239,4.0265
303,G,45.2265,****,173.9771,113.8203,8.5915,3.9856
304,F,55.8501,39.8002,174.7789,121.4864,7.5614,3.2267
305,P,65.0038,31.3624,177.3791,****,****,3.9773
306,K,56.8495,32.1458,175.6601,115.5521,6.0317,4.0723
307,A,51.6146,21.5937,175.6916,120.5327,7.4748,4.5513
308,K,56.3097,33.6973,175.7742,122.5843,8.6067,4.2763
309,I,61.7697,38.7667,176.0343,121.5409,8.4422,4.2499
310,Y,57.7668,39.6245,173.9294,126.7216,8.1964,4.7386
311,E,55.9491,29.9244,175.7633,125.4252,7.8806,4.2407
312,G,44.0072,****,173.4724,106.5923,7.9158,4.0146
313,S,58.6105,62.9554,176.2527,115.2876,8.3212,4.397
314,I,63.8813,38.3658,177.5408,126.1608,8.6977,3.7654
315,L,56.3337,41.0045,177.1213,116.1169,7.7486,4.0101
316,E,56.7123,30.0984,176.6228,116.2701,7.9427,5.0002
317,V,63.2837,32.1084,175.4384,120.4944,7.8076,3.7379
318,D,54.7793,41.745,175.619,128.1059,8.4028,4.457
319,C,57.3494,29.169,173.1554,123.8663,7.91,4.6544
320,D,55.1529,42.5904,175.5981,117.8697,8.5322,4.9804
321,I,60.8355,41.2461,173.8694,117.0397,7.8651,5.2053
322,L,55.2193,43.3485,175.9075,128.7512,8.5096,4.7276
323,I,57.893,39.4241,174.1291,121.5872,8.5142,5.4169
324,P,62.1078,31.8094,176.9432,****,****,4.7069
325,A,51.983,19.1755,176.7013,126.6988,9.1734,4.441
326,A,51.8527,18.7721,176.4729,121.8195,7.8929,4.2528
327,S,57.9328,64.2563,174.5045,113.4348,8.0781,4.3522
328,E,56.4771,30.1421,176.567,120.1047,8.3901,4.2573
329,K,57.5583,30.1239,175.8391,119.7433,9.1619,3.8937
330,Q,57.0884,29.8076,175.6239,117.7015,8.2361,4.3199
331,L,53.8165,43.242,176.4809,119.5516,8.8935,4.7066
332,T,59.6877,70.5773,174.2258,121.7063,8.4335,4.9169
333,K,59.2592,32.161,178.0236,120.3041,8.3681,3.9273
334,S,60.9085,63.1601,175.1351,114.6215,8.612,4.2067
335,N,52.4227,39.4479,176.297,116.5697,7.6382,4.9364
336,A,55.708,17.8777,177.3718,123.7472,8.0674,4.3539
337,P,63.3849,31.4423,175.9569,****,****,4.4517
338,R,54.8912,31.0687,176.0539,118.1176,7.6804,4.5903
339,V,64.3435,32.671,175.3604,119.5549,7.9109,4.266
340,K,56.8187,29.6482,174.5889,116.2227,8.2331,3.7503
341,A,51.9862,21.1875,175.9514,117.9122,7.2401,4.843
342,K,57.8228,32.7759,176.4286,122.563,8.5031,4.218
343,I,59.9443,41.4812,174.2032,116.0686,7.6695,4.8994
344,I,60.1911,40.0438,174.0742,127.5415,8.0969,4.6152
345,A,50.5265,20.2964,175.9361,129.7491,8.9818,4.7607
346,E,58.218,29.4176,176.2312,123.9305,8.2805,4.1977
347,G,44.988,****,173.6532,112.0427,8.5486,4.0943
348,A,51.2199,20.1532,176.0746,122.2655,7.9399,4.6284
349,N,52.7734,38.6138,175.8644,116.132,8.3389,4.7477
350,G,43.4129,****,173.7888,114.8784,9.6735,4.102
351,P,65.5539,32.0988,176.2837,****,****,4.283
352,T,62.0933,69.251,174.864,114.9769,7.7488,4.827
353,T,61.1463,68.7443,174.5868,118.6583,8.3039,4.3874
354,P,64.9601,31.348,178.1612,****,****,4.258
355,E,58.5218,29.0162,178.3581,118.2682,8.2379,4.1086
356,A,55.0447,17.9682,178.5771,122.8041,7.46,3.3943
357,D,57.8415,40.4207,178.1156,117.0479,7.5076,4.3154
358,K,58.9686,32.1404,178.8401,117.9215,7.2821,3.9647
359,I,65.2356,38.1043,178.5557,120.0293,7.9483,3.6541
360,F,58.7722,37.6057,178.6132,119.1052,8.1905,4.595
361,L,57.417,41.2372,178.8104,118.6779,7.9314,4.0687
362,E,58.6549,29.4361,178.7974,118.0615,7.5882,4.1358
363,R,57.2308,30.5136,175.5239,117.9118,8.3256,4.2426
364,N,53.6052,38.1242,174.0422,117.0736,7.6485,4.4721
365,I,59.7687,41.4656,174.6047,118.0993,8.3033,4.417
366,M,54.3387,32.9385,174.6738,126.9119,7.99,4.4636
367,V,62.0154,31.9484,175.2243,127.5149,8.1978,4.5001
368,I,60.0844,38.2097,174.8196,128.097,8.3308,4.1199
369,P,62.6441,33.4211,176.4008,****,****,4.4343
370,D,54.513,40.8483,176.6753,117.5836,8.5327,4.6756
371,L,58.4459,41.7864,177.5954,119.713,7.8408,3.8798
372,Y,59.4747,38.9917,177.4703,115.4079,7.3611,4.2979
373,L,58.3689,41.6705,177.6671,118.9939,7.6202,3.6408
374,N,53.2071,38.7405,175.1864,115.1825,7.8773,4.5711
375,A,54.7966,19.1891,177.6584,122.3072,7.3701,3.8281
376,G,46.9838,****,176.1653,105.0671,8.102,3.6711
377,G,47.4113,****,175.3775,110.3049,8.2182,3.7046
378,V,65.4853,31.443,176.9751,119.7257,8.4439,3.6855
379,T,65.3707,68.6848,175.8705,113.5349,7.8764,3.8983
380,V,65.3636,31.1275,177.4374,119.1621,7.2924,3.6436
381,S,59.956,62.9886,175.375,114.6568,8.4921,4.386
382,Y,59.4122,39.3904,176.5717,119.3188,7.5313,5.1902
383,F,57.8373,37.738,177.7124,115.8542,7.6907,4.6341
384,E,58.966,29.2838,178.0232,120.7451,9.0828,4.0629
385,W,60.2548,28.7834,178.1192,122.0042,7.7956,4.2869
386,L,57.3045,41.1597,178.8458,118.2231,7.7508,3.7069
387,N,56.5471,38.3996,176.8736,117.5912,8.0769,3.8163
388,N,55.3838,38.4203,176.284,115.2136,7.844,4.3695
389,L,55.233,41.823,177.5158,118.2895,7.1694,3.9915
390,N,52.6573,39.372,175.1096,114.5396,7.6934,4.6948
391,H,56.7382,26.5852,173.8815,114.1855,7.7918,4.1822
392,V,60.5588,34.606,173.9683,115.307,7.2652,4.2138
393,S,58.2348,64.1751,173.9957,121.4017,8.4382,4.1413
394,Y,59.887,37.9952,176.9199,122.9572,8.2433,4.2321
395,G,45.0718,****,174.5134,112.7213,8.3663,3.1736
396,R,58.6936,29.9751,177.4169,120.5597,7.7825,4.0968
397,L,56.6658,41.9872,178.1095,117.6648,7.9013,4.2868
398,T,61.2459,70.348,175.8527,107.6495,8.0138,4.6015
399,F,60.9709,38.3571,177.886,121.8939,7.8282,4.331
400,K,57.56,32.8709,178.539,117.8494,8.3376,4.4193
401,Y,60.6484,37.9969,176.8821,120.7831,7.9297,4.3403
402,E,57.6775,29.8147,178.0168,116.7538,8.1514,4.073
403,R,59.2512,29.7837,178.3876,120.2485,7.8012,3.993
404,D,57.1669,40.4311,178.521,119.5276,7.9069,4.46
405,S,61.1734,62.8271,175.952,114.5458,7.5729,4.1356
406,N,54.7926,38.3696,177.3264,117.7872,7.6482,4.647
407,Y,61.1281,38.25,178.5348,118.9056,7.494,4.2595
408,H,59.9623,29.6547,178.2418,118.2401,8.2896,4.4802
409,L,58.0476,41.481,179.7298,120.583,7.7384,4.0699
410,L,58.3115,41.0571,180.2821,118.2191,7.7344,3.9464
411,M,57.8636,31.563,178.8386,117.8046,8.2354,4.2832
412,S,61.6979,62.6666,177.06,115.9652,8.7401,4.2347
413,V,65.8208,31.5822,178.6312,121.6418,8.546,3.7543
414,Q,58.8669,28.4421,177.6352,120.2946,8.0763,4.0487
415,E,59.6028,29.1107,178.9278,118.936,8.6327,3.985
416,S,61.4929,62.7707,176.4326,114.0637,7.9424,4.1501
417,L,57.8575,41.5246,179.5538,122.6318,7.5834,4.2536
418,E,58.3335,29.188,177.6234,118.3155,8.5417,3.923
419,R,57.9669,30.4888,177.8539,117.5449,7.6312,4.113
420,K,57.8573,32.7665,178.0958,117.6975,7.3753,3.9846
421,F,59.6064,39.6839,177.9215,116.28,8.4119,4.5715
422,G,46.718,****,175.2237,107.4616,8.0996,3.9363
423,K,58.4765,32.0266,177.2946,119.9059,7.6167,4.03
424,H,55.9092,29.0301,175.6183,117.2175,7.9094,4.6214
425,G,46.061,****,174.9097,107.4102,7.7618,3.9517
426,G,45.0412,****,173.3442,108.7014,7.9512,3.945
427,T,60.9297,69.8314,172.8385,112.0546,8.2225,4.7778
428,I,58.0215,39.4883,173.6204,122.4663,8.433,4.5851
429,P,63.2708,30.9995,176.369,****,****,4.4665
430,I,61.7795,36.9339,175.5654,124.515,7.9577,3.9077
431,V,58.8594,33.6036,173.6312,120.9475,8.1256,4.6021
432,P,62.9292,32.4217,176.998,****,****,4.554
433,T,61.5631,70.3185,175.5547,112.0969,8.2591,4.3143
434,A,54.2178,18.2348,178.2858,122.5649,8.5021,4.1784
435,E,58.2103,29.816,178.1812,117.7848,8.2746,4.4771
436,F,59.3597,38.9556,176.3058,119.1115,8.7433,4.3845
437,Q,56.8554,29.2938,177.3581,118.8583,7.8328,4.1019
438,D,57.6001,40.1799,178.6393,119.82,8.0772,4.2151
439,R,58.8466,30.0175,178.1762,118.306,7.6634,3.9874
440,I,64.1506,38.2632,179.1124,117.7914,7.1457,3.7659
441,S,60.4496,63.1474,175.2608,113.9277,8.3186,4.2081
442,G,45.0616,****,174.1931,107.285,8.1391,4.071
443,A,52.4499,18.9123,176.5685,123.1189,6.9587,4.2663
444,S,56.9259,65.4173,175.0049,115.2795,7.791,4.2207
445,E,59.7571,29.0596,177.7409,122.3319,9.1789,4.0567
446,K,60.1114,32.393,178.3467,118.553,8.4915,3.9737
447,D,56.6823,40.532,177.4051,117.7156,7.7377,4.5066
448,I,63.6253,38.0818,177.3504,118.6866,7.6011,3.8603
449,V,66.9269,31.5018,177.5168,120.7391,8.0873,3.3374
450,H,59.4206,29.687,176.9373,115.8699,8.0762,4.3172
451,S,61.7468,62.9325,175.6549,114.3065,7.7198,4.3463
452,G,47.0774,****,176.1558,109.6759,8.3151,3.872
453,L,57.3784,41.2804,178.1352,121.9901,8.0901,4.1432
454,A,55.0955,18.0209,179.6707,121.696,7.7586,3.6743
455,Y,61.4628,38.2546,177.6933,118.3165,8.4219,4.2326
456,T,67.1615,68.5894,176.8358,116.7732,8.009,3.8131
457,M,57.1503,30.4666,178.0289,119.2047,7.7997,4.2214
458,E,59.5215,29.5446,178.0188,120.1647,7.8122,3.8235
459,R,58.5217,29.8407,178.1887,118.6057,8.0421,3.8402
460,S,60.9349,63.5069,175.6798,113.4769,7.6683,4.2511
461,A,55.2187,17.9604,178.7843,124.1935,8.5184,3.4253
462,R,57.9358,29.5953,177.1217,114.9201,7.5374,4.0127
463,Q,57.3704,29.384,178.4368,116.4568,7.9011,4.281
464,I,65.6512,37.8468,177.3806,120.9426,7.1156,3.4892
465,M,59.7945,32.3242,178.1114,118.3794,8.3714,4.0701
466,R,59.3808,29.802,178.7272,118.4401,7.7316,3.853
467,T,66.9013,68.4303,175.5099,115.7937,7.574,3.6461
468,A,53.732,18.319,178.4357,123.4313,8.0906,4.099
469,M,57.1247,33.1932,178.0396,115.8521,7.5508,4.4582
470,K,59.4307,32.2203,178.2933,119.8523,8.0836,3.9016
471,Y,55.4772,39.1696,175.2534,113.3886,8.0318,4.9978
472,N,54.465,36.9367,175.5918,117.6675,7.8102,4.6232
473,L,54.1918,42.5625,178.0988,119.8564,7.7045,4.4321
474,G,46.7614,****,174.6336,108.5005,8.3983,3.7591
475,L,55.3142,41.4583,176.7182,123.9084,8.0423,3.8328
476,D,52.9834,39.9148,176.7144,120.2015,7.8268,4.6428
477,L,57.9252,41.2207,178.0421,122.3549,7.7525,3.8572
478,R,60.3357,29.8986,178.0099,119.7392,8.2603,3.8026
479,T,66.9492,68.4226,176.5483,115.7106,7.8081,4.0239
480,A,55.1882,18.2722,179.0351,122.7825,7.4827,4.011
481,A,55.3203,18.1962,179.2091,120.6007,8.8423,3.8592
482,Y,61.5605,38.1565,178.4267,116.4901,8.1509,3.9408
483,V,66.1063,31.409,178.1615,120.4822,8.2269,3.6178
484,N,56.4008,38.3066,177.1136,118.4102,7.9406,4.4543
485,A,55.475,18.1903,179.9645,122.4219,8.4149,4.0651
486,I,64.884,38.0723,178.3597,118.1196,8.6935,3.8735
487,E,59.6234,29.4662,178.7296,120.8204,8.5021,4.0436
488,K,58.2715,32.9263,178.0251,115.1362,7.9791,4.2099
489,V,65.3969,31.4239,177.2087,118.8874,7.9135,3.7585
490,F,61.094,39.6169,176.593,122.0175,7.904,4.2734
491,R,57.973,29.7601,176.8235,117.8565,7.7784,4.3694
492,V,65.026,32.4822,177.3932,117.6311,7.4386,3.9897
493,Y,61.6776,38.294,178.2606,118.6209,7.3646,4.0064
494,N,56.114,38.521,176.1001,117.6177,8.5127,4.1603
495,E,57.4297,29.6886,176.6604,117.5363,7.9309,4.2297
496,A,51.8765,19.8168,177.662,121.5638,7.5853,4.5432
497,G,46.1686,****,174.6426,107.9668,8.0172,3.9167
498,V,64.9135,32.8326,175.7238,122.3482,8.1023,3.8725
499,T,61.2862,70.2456,174.2624,114.0225,7.6797,4.2006
500,F,56.8169,38.3416,175.4566,123.7962,8.1287,5.0011
501,T,63.3411,69.9469,175.3165,117.187,7.9122,4.3194
